{
	"partitions" : [
		{
			"name" : "Top",
			"pins" : [
				{
					"name" : "saida1[0]",
					"strict" : false
				},
				{
					"name" : "saida1[1]",
					"strict" : false
				},
				{
					"name" : "saida1[2]",
					"strict" : false
				},
				{
					"name" : "saida1[3]",
					"strict" : false
				},
				{
					"name" : "saida1[4]",
					"strict" : false
				},
				{
					"name" : "saida1[5]",
					"strict" : false
				},
				{
					"name" : "saida1[6]",
					"strict" : false
				},
				{
					"name" : "saida1[7]",
					"strict" : false
				},
				{
					"name" : "saida1[8]",
					"strict" : false
				},
				{
					"name" : "saida1[9]",
					"strict" : false
				},
				{
					"name" : "saida1[10]",
					"strict" : false
				},
				{
					"name" : "saida1[11]",
					"strict" : false
				},
				{
					"name" : "saida1[12]",
					"strict" : false
				},
				{
					"name" : "saida1[13]",
					"strict" : false
				},
				{
					"name" : "saida1[14]",
					"strict" : false
				},
				{
					"name" : "saida1[15]",
					"strict" : false
				},
				{
					"name" : "saida2[0]",
					"strict" : false
				},
				{
					"name" : "saida2[1]",
					"strict" : false
				},
				{
					"name" : "saida2[2]",
					"strict" : false
				},
				{
					"name" : "saida2[3]",
					"strict" : false
				},
				{
					"name" : "saida2[4]",
					"strict" : false
				},
				{
					"name" : "saida2[5]",
					"strict" : false
				},
				{
					"name" : "saida2[6]",
					"strict" : false
				},
				{
					"name" : "saida2[7]",
					"strict" : false
				},
				{
					"name" : "saida2[8]",
					"strict" : false
				},
				{
					"name" : "saida2[9]",
					"strict" : false
				},
				{
					"name" : "saida2[10]",
					"strict" : false
				},
				{
					"name" : "saida2[11]",
					"strict" : false
				},
				{
					"name" : "saida2[12]",
					"strict" : false
				},
				{
					"name" : "saida2[13]",
					"strict" : false
				},
				{
					"name" : "saida2[14]",
					"strict" : false
				},
				{
					"name" : "saida2[15]",
					"strict" : false
				},
				{
					"name" : "escrita",
					"strict" : false
				},
				{
					"name" : "clock",
					"strict" : false
				},
				{
					"name" : "DadoEscrita[0]",
					"strict" : false
				},
				{
					"name" : "SelReg1[0]",
					"strict" : false
				},
				{
					"name" : "SelReg1[1]",
					"strict" : false
				},
				{
					"name" : "SelReg1[2]",
					"strict" : false
				},
				{
					"name" : "SelReg1[3]",
					"strict" : false
				},
				{
					"name" : "DadoEscrita[1]",
					"strict" : false
				},
				{
					"name" : "DadoEscrita[2]",
					"strict" : false
				},
				{
					"name" : "DadoEscrita[3]",
					"strict" : false
				},
				{
					"name" : "DadoEscrita[4]",
					"strict" : false
				},
				{
					"name" : "DadoEscrita[5]",
					"strict" : false
				},
				{
					"name" : "DadoEscrita[6]",
					"strict" : false
				},
				{
					"name" : "DadoEscrita[7]",
					"strict" : false
				},
				{
					"name" : "DadoEscrita[8]",
					"strict" : false
				},
				{
					"name" : "DadoEscrita[9]",
					"strict" : false
				},
				{
					"name" : "DadoEscrita[10]",
					"strict" : false
				},
				{
					"name" : "DadoEscrita[11]",
					"strict" : false
				},
				{
					"name" : "DadoEscrita[12]",
					"strict" : false
				},
				{
					"name" : "DadoEscrita[13]",
					"strict" : false
				},
				{
					"name" : "DadoEscrita[14]",
					"strict" : false
				},
				{
					"name" : "DadoEscrita[15]",
					"strict" : false
				},
				{
					"name" : "SelReg2[0]",
					"strict" : false
				},
				{
					"name" : "SelReg2[1]",
					"strict" : false
				},
				{
					"name" : "SelReg2[2]",
					"strict" : false
				},
				{
					"name" : "SelReg2[3]",
					"strict" : false
				}
			]
		}
	]
}